,Sales,Date,Region
0,1578.0,2020-10-13,north
1,1638.0,2020-10-13,south
2,1515.0,2020-10-13,east
3,1683.0,2020-10-13,west
4,1680.0,2020-10-14,north
5,1755.0,2020-10-14,south
6,1584.0,2020-10-14,east
7,1590.0,2020-10-14,west
8,1518.0,2020-10-15,north
9,1701.0,2020-10-15,south
10,1716.0,2020-10-15,east
11,1563.0,2020-10-15,west
12,1638.0,2020-10-16,north
13,1689.0,2020-10-16,south
14,1515.0,2020-10-16,east
15,1632.0,2020-10-16,west
16,1509.0,2020-10-17,north
17,1791.0,2020-10-17,south
18,1509.0,2020-10-17,east
19,1776.0,2020-10-17,west
20,1524.0,2020-10-18,north
21,1716.0,2020-10-18,south
22,1578.0,2020-10-18,east
23,1713.0,2020-10-18,west
24,1656.0,2020-10-19,north
25,1725.0,2020-10-19,south
26,1554.0,2020-10-19,east
27,1524.0,2020-10-19,west
28,1569.0,2020-10-20,north
29,1758.0,2020-10-20,south
30,1758.0,2020-10-20,east
31,1614.0,2020-10-20,west
32,1740.0,2020-10-21,north
33,1521.0,2020-10-21,south
34,1722.0,2020-10-21,east
35,1605.0,2020-10-21,west
36,1749.0,2020-10-22,north
37,1638.0,2020-10-22,south
38,1710.0,2020-10-22,east
39,1668.0,2020-10-22,west
40,1635.0,2020-10-23,north
41,1533.0,2020-10-23,south
42,1635.0,2020-10-23,east
43,1575.0,2020-10-23,west
44,1737.0,2020-10-24,north
45,1593.0,2020-10-24,south
46,1707.0,2020-10-24,east
47,1536.0,2020-10-24,west
48,1689.0,2020-10-25,north
49,1680.0,2020-10-25,south
50,1605.0,2020-10-25,east
51,1617.0,2020-10-25,west
52,1746.0,2020-10-26,north
53,1518.0,2020-10-26,south
54,1656.0,2020-10-26,east
55,1542.0,2020-10-26,west
56,1581.0,2020-10-27,north
57,1716.0,2020-10-27,south
58,1683.0,2020-10-27,east
59,1518.0,2020-10-27,west
60,1746.0,2020-10-28,north
61,1587.0,2020-10-28,south
62,1644.0,2020-10-28,east
63,1731.0,2020-10-28,west
64,1770.0,2020-10-29,north
65,1692.0,2020-10-29,south
66,1557.0,2020-10-29,east
67,1524.0,2020-10-29,west
68,1773.0,2020-10-30,north
69,1689.0,2020-10-30,south
70,1776.0,2020-10-30,east
71,1686.0,2020-10-30,west
72,1581.0,2020-10-31,north
73,1758.0,2020-10-31,south
74,1755.0,2020-10-31,east
75,1668.0,2020-10-31,west
76,1665.0,2020-11-01,north
77,1551.0,2020-11-01,south
78,1770.0,2020-11-01,east
79,1593.0,2020-11-01,west
80,1734.0,2020-11-02,north
81,1500.0,2020-11-02,south
82,1740.0,2020-11-02,east
83,1686.0,2020-11-02,west
84,1551.0,2020-11-03,north
85,1752.0,2020-11-03,south
86,1746.0,2020-11-03,east
87,1581.0,2020-11-03,west
88,1773.0,2020-11-04,north
89,1788.0,2020-11-04,south
90,1545.0,2020-11-04,east
91,1506.0,2020-11-04,west
92,1644.0,2020-11-05,north
93,1605.0,2020-11-05,south
94,1686.0,2020-11-05,east
95,1539.0,2020-11-05,west
96,1725.0,2020-11-06,north
97,1599.0,2020-11-06,south
98,1659.0,2020-11-06,east
99,1575.0,2020-11-06,west
100,1653.0,2020-11-07,north
101,1641.0,2020-11-07,south
102,1587.0,2020-11-07,east
103,1758.0,2020-11-07,west
104,1785.0,2020-11-08,north
105,1695.0,2020-11-08,south
106,1581.0,2020-11-08,east
107,1734.0,2020-11-08,west
108,1788.0,2020-11-09,north
109,1593.0,2020-11-09,south
110,1593.0,2020-11-09,east
111,1512.0,2020-11-09,west
112,1638.0,2020-11-10,north
113,1734.0,2020-11-10,south
114,1695.0,2020-11-10,east
115,1638.0,2020-11-10,west
116,1695.0,2020-11-11,north
117,1533.0,2020-11-11,south
118,1731.0,2020-11-11,east
119,1689.0,2020-11-11,west
120,1713.0,2020-11-12,north
121,1596.0,2020-11-12,south
122,1686.0,2020-11-12,east
123,1515.0,2020-11-12,west
124,1581.0,2020-11-13,north
125,1521.0,2020-11-13,south
126,1677.0,2020-11-13,east
127,1635.0,2020-11-13,west
128,1749.0,2020-11-14,north
129,1542.0,2020-11-14,south
130,1602.0,2020-11-14,east
131,1557.0,2020-11-14,west
132,1686.0,2020-11-15,north
133,1638.0,2020-11-15,south
134,1794.0,2020-11-15,east
135,1659.0,2020-11-15,west
136,1773.0,2020-11-16,north
137,1671.0,2020-11-16,south
138,1626.0,2020-11-16,east
139,1725.0,2020-11-16,west
140,1686.0,2020-11-17,north
141,1521.0,2020-11-17,south
142,1734.0,2020-11-17,east
143,1530.0,2020-11-17,west
144,1698.0,2020-11-18,north
145,1770.0,2020-11-18,south
146,1752.0,2020-11-18,east
147,1662.0,2020-11-18,west
148,1566.0,2020-11-19,north
149,1590.0,2020-11-19,south
150,1635.0,2020-11-19,east
151,1698.0,2020-11-19,west
152,1683.0,2020-11-20,north
153,1653.0,2020-11-20,south
154,1527.0,2020-11-20,east
155,1524.0,2020-11-20,west
156,1593.0,2020-11-21,north
157,1656.0,2020-11-21,south
158,1623.0,2020-11-21,east
159,1638.0,2020-11-21,west
160,1596.0,2020-11-22,north
161,1575.0,2020-11-22,south
162,1656.0,2020-11-22,east
163,1725.0,2020-11-22,west
164,1767.0,2020-11-23,north
165,1650.0,2020-11-23,south
166,1641.0,2020-11-23,east
167,1632.0,2020-11-23,west
168,1602.0,2020-11-24,north
169,1632.0,2020-11-24,south
170,1743.0,2020-11-24,east
171,1617.0,2020-11-24,west
172,1725.0,2020-11-25,north
173,1761.0,2020-11-25,south
174,1791.0,2020-11-25,east
175,1620.0,2020-11-25,west
176,1770.0,2020-11-26,north
177,1791.0,2020-11-26,south
178,1665.0,2020-11-26,east
179,1743.0,2020-11-26,west
180,1632.0,2020-11-27,north
181,1587.0,2020-11-27,south
182,1680.0,2020-11-27,east
183,1656.0,2020-11-27,west
184,1746.0,2020-11-28,north
185,1599.0,2020-11-28,south
186,1719.0,2020-11-28,east
187,1794.0,2020-11-28,west
188,1758.0,2020-11-29,north
189,1557.0,2020-11-29,south
190,1647.0,2020-11-29,east
191,1740.0,2020-11-29,west
192,1635.0,2020-11-30,north
193,1584.0,2020-11-30,south
194,1614.0,2020-11-30,east
195,1749.0,2020-11-30,west
196,1587.0,2020-12-01,north
197,1719.0,2020-12-01,south
198,1620.0,2020-12-01,east
199,1656.0,2020-12-01,west
200,1554.0,2020-12-02,north
201,1755.0,2020-12-02,south
202,1737.0,2020-12-02,east
203,1548.0,2020-12-02,west
204,1572.0,2020-12-03,north
205,1560.0,2020-12-03,south
206,1746.0,2020-12-03,east
207,1788.0,2020-12-03,west
208,1638.0,2020-12-04,north
209,1626.0,2020-12-04,south
210,1518.0,2020-12-04,east
211,1773.0,2020-12-04,west
212,1707.0,2020-12-05,north
213,1614.0,2020-12-05,south
214,1722.0,2020-12-05,east
215,1524.0,2020-12-05,west
216,1560.0,2020-12-06,north
217,1617.0,2020-12-06,south
218,1566.0,2020-12-06,east
219,1515.0,2020-12-06,west
220,1509.0,2020-12-07,north
221,1545.0,2020-12-07,south
222,1596.0,2020-12-07,east
223,1671.0,2020-12-07,west
224,1686.0,2020-12-08,north
225,1785.0,2020-12-08,south
226,1800.0,2020-12-08,east
227,1590.0,2020-12-08,west
228,1788.0,2020-12-09,north
229,1788.0,2020-12-09,south
230,1584.0,2020-12-09,east
231,1665.0,2020-12-09,west
232,1620.0,2020-12-10,north
233,1725.0,2020-12-10,south
234,1569.0,2020-12-10,east
235,1533.0,2020-12-10,west
236,1503.0,2020-12-11,north
237,1713.0,2020-12-11,south
238,1650.0,2020-12-11,east
239,1776.0,2020-12-11,west
240,1629.0,2020-12-12,north
241,1662.0,2020-12-12,south
242,1623.0,2020-12-12,east
243,1590.0,2020-12-12,west
244,1650.0,2020-12-13,north
245,1647.0,2020-12-13,south
246,1683.0,2020-12-13,east
247,1530.0,2020-12-13,west
248,1746.0,2020-12-14,north
249,1551.0,2020-12-14,south
250,1548.0,2020-12-14,east
251,1767.0,2020-12-14,west
252,1785.0,2020-12-15,north
253,1734.0,2020-12-15,south
254,1578.0,2020-12-15,east
255,1596.0,2020-12-15,west
256,1779.0,2020-12-16,north
257,1770.0,2020-12-16,south
258,1581.0,2020-12-16,east
259,1614.0,2020-12-16,west
260,1506.0,2020-12-17,north
261,1533.0,2020-12-17,south
262,1677.0,2020-12-17,east
263,1737.0,2020-12-17,west
264,1635.0,2020-12-18,north
265,1800.0,2020-12-18,south
266,1794.0,2020-12-18,east
267,1653.0,2020-12-18,west
268,1719.0,2020-12-19,north
269,1674.0,2020-12-19,south
270,1575.0,2020-12-19,east
271,1650.0,2020-12-19,west
272,1707.0,2020-12-20,north
273,1692.0,2020-12-20,south
274,1614.0,2020-12-20,east
275,1563.0,2020-12-20,west
276,1575.0,2020-12-21,north
277,1506.0,2020-12-21,south
278,1599.0,2020-12-21,east
279,1686.0,2020-12-21,west
280,1518.0,2020-12-22,north
281,1677.0,2020-12-22,south
282,1722.0,2020-12-22,east
283,1566.0,2020-12-22,west
284,1677.0,2020-12-23,north
285,1542.0,2020-12-23,south
286,1785.0,2020-12-23,east
287,1671.0,2020-12-23,west
288,1725.0,2020-12-24,north
289,1506.0,2020-12-24,south
290,1563.0,2020-12-24,east
291,1668.0,2020-12-24,west
292,1782.0,2020-12-25,north
293,1557.0,2020-12-25,south
294,1797.0,2020-12-25,east
295,1563.0,2020-12-25,west
296,1554.0,2020-12-26,north
297,1650.0,2020-12-26,south
298,1698.0,2020-12-26,east
299,1737.0,2020-12-26,west
300,1770.0,2020-12-27,north
301,1734.0,2020-12-27,south
302,1770.0,2020-12-27,east
303,1524.0,2020-12-27,west
304,1725.0,2020-12-28,north
305,1536.0,2020-12-28,south
306,1758.0,2020-12-28,east
307,1683.0,2020-12-28,west
308,1518.0,2020-12-29,north
309,1677.0,2020-12-29,south
310,1614.0,2020-12-29,east
311,1767.0,2020-12-29,west
312,1524.0,2020-12-30,north
313,1530.0,2020-12-30,south
314,1584.0,2020-12-30,east
315,1791.0,2020-12-30,west
316,1740.0,2020-12-31,north
317,1698.0,2020-12-31,south
318,1770.0,2020-12-31,east
319,1650.0,2020-12-31,west
320,1536.0,2021-01-01,north
321,1542.0,2021-01-01,south
322,1671.0,2021-01-01,east
323,1752.0,2021-01-01,west
324,1794.0,2021-01-02,north
325,1620.0,2021-01-02,south
326,1584.0,2021-01-02,east
327,1503.0,2021-01-02,west
328,1758.0,2021-01-03,north
329,1578.0,2021-01-03,south
330,1677.0,2021-01-03,east
331,1722.0,2021-01-03,west
332,1590.0,2021-01-04,north
333,1785.0,2021-01-04,south
334,1731.0,2021-01-04,east
335,1686.0,2021-01-04,west
336,1536.0,2021-01-05,north
337,1578.0,2021-01-05,south
338,1683.0,2021-01-05,east
339,1608.0,2021-01-05,west
340,1743.0,2021-01-06,north
341,1743.0,2021-01-06,south
342,1638.0,2021-01-06,east
343,1788.0,2021-01-06,west
344,1716.0,2021-01-07,north
345,1602.0,2021-01-07,south
346,1596.0,2021-01-07,east
347,1797.0,2021-01-07,west
348,1662.0,2021-01-08,north
349,1668.0,2021-01-08,south
350,1662.0,2021-01-08,east
351,1521.0,2021-01-08,west
352,1563.0,2021-01-09,north
353,1647.0,2021-01-09,south
354,1743.0,2021-01-09,east
355,1653.0,2021-01-09,west
356,1731.0,2021-01-10,north
357,1608.0,2021-01-10,south
358,1512.0,2021-01-10,east
359,1545.0,2021-01-10,west
360,1740.0,2021-01-11,north
361,1611.0,2021-01-11,south
362,1536.0,2021-01-11,east
363,1626.0,2021-01-11,west
364,1614.0,2021-01-12,north
365,1572.0,2021-01-12,south
366,1539.0,2021-01-12,east
367,1605.0,2021-01-12,west
368,1545.0,2021-01-13,north
369,1542.0,2021-01-13,south
370,1779.0,2021-01-13,east
371,1680.0,2021-01-13,west
372,1701.0,2021-01-14,north
373,1677.0,2021-01-14,south
374,1614.0,2021-01-14,east
375,1590.0,2021-01-14,west
376,2025.0,2021-01-15,north
377,2195.0,2021-01-15,south
378,2180.0,2021-01-15,east
379,2395.0,2021-01-15,west
380,2110.0,2021-01-16,north
381,2145.0,2021-01-16,south
382,2340.0,2021-01-16,east
383,2390.0,2021-01-16,west
384,2475.0,2021-01-17,north
385,2320.0,2021-01-17,south
386,2105.0,2021-01-17,east
387,2090.0,2021-01-17,west
388,2050.0,2021-01-18,north
389,2410.0,2021-01-18,south
390,2125.0,2021-01-18,east
391,2325.0,2021-01-18,west
392,2335.0,2021-01-19,north
393,2105.0,2021-01-19,south
394,2340.0,2021-01-19,east
395,2420.0,2021-01-19,west
396,2415.0,2021-01-20,north
397,2495.0,2021-01-20,south
398,2070.0,2021-01-20,east
399,2405.0,2021-01-20,west
400,2090.0,2021-01-21,north
401,2145.0,2021-01-21,south
402,2245.0,2021-01-21,east
403,2330.0,2021-01-21,west
404,2460.0,2021-01-22,north
405,2230.0,2021-01-22,south
406,2010.0,2021-01-22,east
407,2380.0,2021-01-22,west
408,2025.0,2021-01-23,north
409,2085.0,2021-01-23,south
410,2420.0,2021-01-23,east
411,2175.0,2021-01-23,west
412,2015.0,2021-01-24,north
413,2445.0,2021-01-24,south
414,2255.0,2021-01-24,east
415,2085.0,2021-01-24,west
416,2210.0,2021-01-25,north
417,2145.0,2021-01-25,south
418,2200.0,2021-01-25,east
419,2160.0,2021-01-25,west
420,2050.0,2021-01-26,north
421,2280.0,2021-01-26,south
422,2165.0,2021-01-26,east
423,2345.0,2021-01-26,west
424,2000.0,2021-01-27,north
425,2010.0,2021-01-27,south
426,2060.0,2021-01-27,east
427,2020.0,2021-01-27,west
428,2140.0,2021-01-28,north
429,2310.0,2021-01-28,south
430,2285.0,2021-01-28,east
431,2005.0,2021-01-28,west
432,2295.0,2021-01-29,north
433,2195.0,2021-01-29,south
434,2465.0,2021-01-29,east
435,2095.0,2021-01-29,west
436,2400.0,2021-01-30,north
437,2290.0,2021-01-30,south
438,2370.0,2021-01-30,east
439,2165.0,2021-01-30,west
440,2430.0,2021-01-31,north
441,2260.0,2021-01-31,south
442,2215.0,2021-01-31,east
443,2145.0,2021-01-31,west
444,2350.0,2021-02-01,north
445,2180.0,2021-02-01,south
446,2290.0,2021-02-01,east
447,2115.0,2021-02-01,west
448,2315.0,2021-02-02,north
449,2100.0,2021-02-02,south
450,2430.0,2021-02-02,east
451,2215.0,2021-02-02,west
452,2000.0,2021-02-03,north
453,2355.0,2021-02-03,south
454,2110.0,2021-02-03,east
455,2240.0,2021-02-03,west
456,2380.0,2021-02-04,north
457,2305.0,2021-02-04,south
458,2300.0,2021-02-04,east
459,2120.0,2021-02-04,west
460,2185.0,2021-02-05,north
461,2295.0,2021-02-05,south
462,2215.0,2021-02-05,east
463,2050.0,2021-02-05,west
464,2225.0,2021-02-06,north
465,2405.0,2021-02-06,south
466,2095.0,2021-02-06,east
467,2200.0,2021-02-06,west
468,2070.0,2021-02-07,north
469,2065.0,2021-02-07,south
470,2080.0,2021-02-07,east
471,2010.0,2021-02-07,west
472,2395.0,2021-02-08,north
473,2345.0,2021-02-08,south
474,2085.0,2021-02-08,east
475,2250.0,2021-02-08,west
476,2045.0,2021-02-09,north
477,2345.0,2021-02-09,south
478,2455.0,2021-02-09,east
479,2260.0,2021-02-09,west
480,2130.0,2021-02-10,north
481,2035.0,2021-02-10,south
482,2045.0,2021-02-10,east
483,2145.0,2021-02-10,west
484,2320.0,2021-02-11,north
485,2350.0,2021-02-11,south
486,2085.0,2021-02-11,east
487,2160.0,2021-02-11,west
488,2375.0,2021-02-12,north
489,2230.0,2021-02-12,south
490,2230.0,2021-02-12,east
491,2130.0,2021-02-12,west
492,2425.0,2021-02-13,north
493,2465.0,2021-02-13,south
494,2105.0,2021-02-13,east
495,2485.0,2021-02-13,west
496,2340.0,2021-02-14,north
497,2240.0,2021-02-14,south
498,2285.0,2021-02-14,east
499,2375.0,2021-02-14,west
500,2110.0,2021-02-15,north
501,2325.0,2021-02-15,south
502,2265.0,2021-02-15,east
503,2175.0,2021-02-15,west
504,2295.0,2021-02-16,north
505,2250.0,2021-02-16,south
506,2180.0,2021-02-16,east
507,2465.0,2021-02-16,west
508,2380.0,2021-02-17,north
509,2130.0,2021-02-17,south
510,2350.0,2021-02-17,east
511,2470.0,2021-02-17,west
512,2005.0,2021-02-18,north
513,2125.0,2021-02-18,south
514,2480.0,2021-02-18,east
515,2240.0,2021-02-18,west
516,2125.0,2021-02-19,north
517,2425.0,2021-02-19,south
518,2050.0,2021-02-19,east
519,2045.0,2021-02-19,west
520,2260.0,2021-02-20,north
521,2105.0,2021-02-20,south
522,2420.0,2021-02-20,east
523,2400.0,2021-02-20,west
524,2345.0,2021-02-21,north
525,2040.0,2021-02-21,south
526,2170.0,2021-02-21,east
527,2445.0,2021-02-21,west
528,2145.0,2021-02-22,north
529,2050.0,2021-02-22,south
530,2200.0,2021-02-22,east
531,2140.0,2021-02-22,west
532,2490.0,2021-02-23,north
533,2370.0,2021-02-23,south
534,2055.0,2021-02-23,east
535,2380.0,2021-02-23,west
536,2330.0,2021-02-24,north
537,2420.0,2021-02-24,south
538,2235.0,2021-02-24,east
539,2045.0,2021-02-24,west
540,2205.0,2021-02-25,north
541,2065.0,2021-02-25,south
542,2300.0,2021-02-25,east
543,2035.0,2021-02-25,west
544,2455.0,2021-02-26,north
545,2350.0,2021-02-26,south
546,2270.0,2021-02-26,east
547,2315.0,2021-02-26,west
548,2000.0,2021-02-27,north
549,2305.0,2021-02-27,south
550,2150.0,2021-02-27,east
551,2305.0,2021-02-27,west
552,2145.0,2021-02-28,north
553,2155.0,2021-02-28,south
554,2290.0,2021-02-28,east
555,2155.0,2021-02-28,west
556,2360.0,2021-03-01,north
557,2430.0,2021-03-01,south
558,2185.0,2021-03-01,east
559,2245.0,2021-03-01,west
560,2370.0,2021-03-02,north
561,2300.0,2021-03-02,south
562,2215.0,2021-03-02,east
563,2225.0,2021-03-02,west
564,2405.0,2021-03-03,north
565,2000.0,2021-03-03,south
566,2025.0,2021-03-03,east
567,2380.0,2021-03-03,west
568,2390.0,2021-03-04,north
569,2335.0,2021-03-04,south
570,2205.0,2021-03-04,east
571,2035.0,2021-03-04,west
572,2080.0,2021-03-05,north
573,2340.0,2021-03-05,south
574,2045.0,2021-03-05,east
575,2005.0,2021-03-05,west
576,2075.0,2021-03-06,north
577,2190.0,2021-03-06,south
578,2305.0,2021-03-06,east
579,2190.0,2021-03-06,west
580,2220.0,2021-03-07,north
581,2025.0,2021-03-07,south
582,2350.0,2021-03-07,east
583,2425.0,2021-03-07,west
584,2170.0,2021-03-08,north
585,2095.0,2021-03-08,south
586,2475.0,2021-03-08,east
587,2395.0,2021-03-08,west
588,2380.0,2021-03-09,north
589,2000.0,2021-03-09,south
590,2180.0,2021-03-09,east
591,2365.0,2021-03-09,west
592,2380.0,2021-03-10,north
593,2320.0,2021-03-10,south
594,2005.0,2021-03-10,east
595,2270.0,2021-03-10,west
596,2005.0,2021-03-11,north
597,2410.0,2021-03-11,south
598,2065.0,2021-03-11,east
599,2170.0,2021-03-11,west
600,2175.0,2021-03-12,north
601,2310.0,2021-03-12,south
602,2490.0,2021-03-12,east
603,2400.0,2021-03-12,west
604,2065.0,2021-03-13,north
605,2165.0,2021-03-13,south
606,2305.0,2021-03-13,east
607,2100.0,2021-03-13,west
608,2245.0,2021-03-14,north
609,2365.0,2021-03-14,south
610,2300.0,2021-03-14,east
611,2340.0,2021-03-14,west
612,2330.0,2021-03-15,north
613,2445.0,2021-03-15,south
614,2390.0,2021-03-15,east
615,2210.0,2021-03-15,west
616,2365.0,2021-03-16,north
617,2500.0,2021-03-16,south
618,2235.0,2021-03-16,east
619,2480.0,2021-03-16,west
620,2065.0,2021-03-17,north
621,2325.0,2021-03-17,south
622,2480.0,2021-03-17,east
623,2265.0,2021-03-17,west
624,2440.0,2021-03-18,north
625,2020.0,2021-03-18,south
626,2115.0,2021-03-18,east
627,2075.0,2021-03-18,west
628,2035.0,2021-03-19,north
629,2495.0,2021-03-19,south
630,2340.0,2021-03-19,east
631,2220.0,2021-03-19,west
632,2380.0,2021-03-20,north
633,2360.0,2021-03-20,south
634,2325.0,2021-03-20,east
635,2340.0,2021-03-20,west
636,2300.0,2021-03-21,north
637,2030.0,2021-03-21,south
638,2110.0,2021-03-21,east
639,2490.0,2021-03-21,west
640,2420.0,2021-03-22,north
641,2030.0,2021-03-22,south
642,2450.0,2021-03-22,east
643,2315.0,2021-03-22,west
644,2470.0,2021-03-23,north
645,2240.0,2021-03-23,south
646,2155.0,2021-03-23,east
647,2005.0,2021-03-23,west
648,2005.0,2021-03-24,north
649,2075.0,2021-03-24,south
650,2080.0,2021-03-24,east
651,2395.0,2021-03-24,west
652,2435.0,2021-03-25,north
653,2055.0,2021-03-25,south
654,2130.0,2021-03-25,east
655,2365.0,2021-03-25,west
656,2320.0,2021-03-26,north
657,2325.0,2021-03-26,south
658,2210.0,2021-03-26,east
659,2225.0,2021-03-26,west
660,2465.0,2021-03-27,north
661,2175.0,2021-03-27,south
662,2145.0,2021-03-27,east
663,2085.0,2021-03-27,west
664,2310.0,2021-03-28,north
665,2070.0,2021-03-28,south
666,2355.0,2021-03-28,east
667,2410.0,2021-03-28,west
668,2475.0,2021-03-29,north
669,2005.0,2021-03-29,south
670,2025.0,2021-03-29,east
671,2265.0,2021-03-29,west
672,2090.0,2021-03-30,north
673,2390.0,2021-03-30,south
674,2410.0,2021-03-30,east
675,2035.0,2021-03-30,west
676,2475.0,2021-03-31,north
677,2135.0,2021-03-31,south
678,2440.0,2021-03-31,east
679,2105.0,2021-03-31,west
680,2405.0,2021-04-01,north
681,2000.0,2021-04-01,south
682,2480.0,2021-04-01,east
683,2495.0,2021-04-01,west
684,2260.0,2021-04-02,north
685,2100.0,2021-04-02,south
686,2480.0,2021-04-02,east
687,2325.0,2021-04-02,west
688,2345.0,2021-04-03,north
689,2005.0,2021-04-03,south
690,2175.0,2021-04-03,east
691,2330.0,2021-04-03,west
692,2480.0,2021-04-04,north
693,2455.0,2021-04-04,south
694,2165.0,2021-04-04,east
695,2355.0,2021-04-04,west
696,2270.0,2021-04-05,north
697,2415.0,2021-04-05,south
698,2150.0,2021-04-05,east
699,2215.0,2021-04-05,west
700,2440.0,2021-04-06,north
701,2435.0,2021-04-06,south
702,2255.0,2021-04-06,east
703,2260.0,2021-04-06,west
704,2020.0,2021-04-07,north
705,2125.0,2021-04-07,south
706,2120.0,2021-04-07,east
707,2070.0,2021-04-07,west
708,2135.0,2021-04-08,north
709,2050.0,2021-04-08,south
710,2400.0,2021-04-08,east
711,2040.0,2021-04-08,west
712,2265.0,2021-04-09,north
713,2340.0,2021-04-09,south
714,2245.0,2021-04-09,east
715,2450.0,2021-04-09,west
716,2385.0,2021-04-10,north
717,2255.0,2021-04-10,south
718,2065.0,2021-04-10,east
719,2295.0,2021-04-10,west
720,2415.0,2021-04-11,north
721,2355.0,2021-04-11,south
722,2425.0,2021-04-11,east
723,2150.0,2021-04-11,west
724,2285.0,2021-04-12,north
725,2315.0,2021-04-12,south
726,2080.0,2021-04-12,east
727,2305.0,2021-04-12,west
728,2115.0,2021-04-13,north
729,2380.0,2021-04-13,south
730,2195.0,2021-04-13,east
731,2325.0,2021-04-13,west
732,2045.0,2021-04-14,north
733,2370.0,2021-04-14,south
734,2485.0,2021-04-14,east
735,2085.0,2021-04-14,west
736,2185.0,2021-04-15,north
737,2275.0,2021-04-15,south
738,2050.0,2021-04-15,east
739,2320.0,2021-04-15,west
740,2335.0,2021-04-16,north
741,2415.0,2021-04-16,south
742,2115.0,2021-04-16,east
743,2380.0,2021-04-16,west
744,2375.0,2021-04-17,north
745,2250.0,2021-04-17,south
746,2415.0,2021-04-17,east
747,2395.0,2021-04-17,west
748,2005.0,2021-04-18,north
749,2215.0,2021-04-18,south
750,2405.0,2021-04-18,east
751,2265.0,2021-04-18,west
752,2160.0,2021-04-19,north
753,2115.0,2021-04-19,south
754,2175.0,2021-04-19,east
755,2420.0,2021-04-19,west
756,2290.0,2021-04-20,north
757,2115.0,2021-04-20,south
758,2110.0,2021-04-20,east
759,2395.0,2021-04-20,west
760,2400.0,2021-04-21,north
761,2195.0,2021-04-21,south
762,2095.0,2021-04-21,east
763,2330.0,2021-04-21,west
764,2235.0,2021-04-22,north
765,2195.0,2021-04-22,south
766,2480.0,2021-04-22,east
767,2270.0,2021-04-22,west
768,2280.0,2021-04-23,north
769,2065.0,2021-04-23,south
770,2065.0,2021-04-23,east
771,2260.0,2021-04-23,west
772,2440.0,2021-04-24,north
773,2130.0,2021-04-24,south
774,2345.0,2021-04-24,east
775,2020.0,2021-04-24,west
776,2275.0,2021-04-25,north
777,2375.0,2021-04-25,south
778,2340.0,2021-04-25,east
779,2300.0,2021-04-25,west
780,2260.0,2021-04-26,north
781,2295.0,2021-04-26,south
782,2295.0,2021-04-26,east
783,2115.0,2021-04-26,west
784,2095.0,2021-04-27,north
785,2010.0,2021-04-27,south
786,2245.0,2021-04-27,east
787,2245.0,2021-04-27,west
788,2385.0,2021-04-28,north
789,2230.0,2021-04-28,south
790,2285.0,2021-04-28,east
791,2115.0,2021-04-28,west
792,2150.0,2021-04-29,north
793,2065.0,2021-04-29,south
794,2110.0,2021-04-29,east
795,2175.0,2021-04-29,west
796,2320.0,2021-04-30,north
797,2435.0,2021-04-30,south
798,2050.0,2021-04-30,east
799,2165.0,2021-04-30,west
800,2460.0,2021-05-01,north
801,2165.0,2021-05-01,south
802,2110.0,2021-05-01,east
803,2320.0,2021-05-01,west
804,2305.0,2021-05-02,north
805,2145.0,2021-05-02,south
806,2460.0,2021-05-02,east
807,2260.0,2021-05-02,west
808,2355.0,2021-05-03,north
809,2070.0,2021-05-03,south
810,2455.0,2021-05-03,east
811,2090.0,2021-05-03,west
812,2270.0,2021-05-04,north
813,2425.0,2021-05-04,south
814,2415.0,2021-05-04,east
815,2065.0,2021-05-04,west
816,2315.0,2021-05-05,north
817,2120.0,2021-05-05,south
818,2330.0,2021-05-05,east
819,2295.0,2021-05-05,west
820,2120.0,2021-05-06,north
821,2050.0,2021-05-06,south
822,2140.0,2021-05-06,east
823,2230.0,2021-05-06,west
824,2090.0,2021-05-07,north
825,2335.0,2021-05-07,south
826,2125.0,2021-05-07,east
827,2380.0,2021-05-07,west
828,2090.0,2021-05-08,north
829,2490.0,2021-05-08,south
830,2200.0,2021-05-08,east
831,2045.0,2021-05-08,west
832,2140.0,2021-05-09,north
833,2115.0,2021-05-09,south
834,2045.0,2021-05-09,east
835,2385.0,2021-05-09,west
836,2250.0,2021-05-10,north
837,2325.0,2021-05-10,south
838,2325.0,2021-05-10,east
839,2400.0,2021-05-10,west
840,2120.0,2021-05-11,north
841,2165.0,2021-05-11,south
842,2175.0,2021-05-11,east
843,2190.0,2021-05-11,west
844,2155.0,2021-05-12,north
845,2325.0,2021-05-12,south
846,2025.0,2021-05-12,east
847,2455.0,2021-05-12,west
848,2330.0,2021-05-13,north
849,2210.0,2021-05-13,south
850,2010.0,2021-05-13,east
851,2320.0,2021-05-13,west
852,2135.0,2021-05-14,north
853,2500.0,2021-05-14,south
854,2140.0,2021-05-14,east
855,2190.0,2021-05-14,west
856,2240.0,2021-05-15,north
857,2180.0,2021-05-15,south
858,2020.0,2021-05-15,east
859,2390.0,2021-05-15,west
860,2375.0,2021-05-16,north
861,2050.0,2021-05-16,south
862,2080.0,2021-05-16,east
863,2055.0,2021-05-16,west
864,2020.0,2021-05-17,north
865,2470.0,2021-05-17,south
866,2220.0,2021-05-17,east
867,2255.0,2021-05-17,west
868,2185.0,2021-05-18,north
869,2455.0,2021-05-18,south
870,2270.0,2021-05-18,east
871,2415.0,2021-05-18,west
872,2400.0,2021-05-19,north
873,2300.0,2021-05-19,south
874,2175.0,2021-05-19,east
875,2020.0,2021-05-19,west
876,2195.0,2021-05-20,north
877,2050.0,2021-05-20,south
878,2055.0,2021-05-20,east
879,2300.0,2021-05-20,west
880,2480.0,2021-05-21,north
881,2240.0,2021-05-21,south
882,2025.0,2021-05-21,east
883,2480.0,2021-05-21,west
884,2430.0,2021-05-22,north
885,2100.0,2021-05-22,south
886,2420.0,2021-05-22,east
887,2410.0,2021-05-22,west
888,2155.0,2021-05-23,north
889,2345.0,2021-05-23,south
890,2045.0,2021-05-23,east
891,2240.0,2021-05-23,west
892,2390.0,2021-05-24,north
893,2210.0,2021-05-24,south
894,2105.0,2021-05-24,east
895,2075.0,2021-05-24,west
896,2020.0,2021-05-25,north
897,2105.0,2021-05-25,south
898,2295.0,2021-05-25,east
899,2005.0,2021-05-25,west
900,2475.0,2021-05-26,north
901,2210.0,2021-05-26,south
902,2040.0,2021-05-26,east
903,2085.0,2021-05-26,west
904,2080.0,2021-05-27,north
905,2260.0,2021-05-27,south
906,2345.0,2021-05-27,east
907,2160.0,2021-05-27,west
908,2205.0,2021-05-28,north
909,2055.0,2021-05-28,south
910,2280.0,2021-05-28,east
911,2205.0,2021-05-28,west
912,2150.0,2021-05-29,north
913,2450.0,2021-05-29,south
914,2005.0,2021-05-29,east
915,2115.0,2021-05-29,west
916,2380.0,2021-05-30,north
917,2225.0,2021-05-30,south
918,2485.0,2021-05-30,east
919,2310.0,2021-05-30,west
920,2395.0,2021-05-31,north
921,2095.0,2021-05-31,south
922,2220.0,2021-05-31,east
923,2130.0,2021-05-31,west
924,2140.0,2021-06-01,north
925,2450.0,2021-06-01,south
926,2055.0,2021-06-01,east
927,2215.0,2021-06-01,west
928,2015.0,2021-06-02,north
929,2350.0,2021-06-02,south
930,2005.0,2021-06-02,east
931,2015.0,2021-06-02,west
932,2375.0,2021-06-03,north
933,2025.0,2021-06-03,south
934,2375.0,2021-06-03,east
935,2300.0,2021-06-03,west
936,2405.0,2021-06-04,north
937,2135.0,2021-06-04,south
938,2315.0,2021-06-04,east
939,2300.0,2021-06-04,west
940,2425.0,2021-06-05,north
941,2400.0,2021-06-05,south
942,2245.0,2021-06-05,east
943,2085.0,2021-06-05,west
944,2020.0,2021-06-06,north
945,2190.0,2021-06-06,south
946,2450.0,2021-06-06,east
947,2245.0,2021-06-06,west
948,2390.0,2021-06-07,north
949,2020.0,2021-06-07,south
950,2360.0,2021-06-07,east
951,2070.0,2021-06-07,west
952,2290.0,2021-06-08,north
953,2035.0,2021-06-08,south
954,2450.0,2021-06-08,east
955,2120.0,2021-06-08,west
956,2480.0,2021-06-09,north
957,2500.0,2021-06-09,south
958,2365.0,2021-06-09,east
959,2330.0,2021-06-09,west
960,2280.0,2021-06-10,north
961,2015.0,2021-06-10,south
962,2500.0,2021-06-10,east
963,2405.0,2021-06-10,west
964,2385.0,2021-06-11,north
965,2090.0,2021-06-11,south
966,2300.0,2021-06-11,east
967,2350.0,2021-06-11,west
968,2095.0,2021-06-12,north
969,2375.0,2021-06-12,south
970,2270.0,2021-06-12,east
971,2365.0,2021-06-12,west
972,2205.0,2021-06-13,north
973,2260.0,2021-06-13,south
974,2135.0,2021-06-13,east
975,2280.0,2021-06-13,west
976,2485.0,2021-06-14,north
977,2025.0,2021-06-14,south
978,2460.0,2021-06-14,east
979,2285.0,2021-06-14,west
980,2090.0,2021-06-15,north
981,2075.0,2021-06-15,south
982,2125.0,2021-06-15,east
983,2085.0,2021-06-15,west
984,2410.0,2021-06-16,north
985,2265.0,2021-06-16,south
986,2145.0,2021-06-16,east
987,2320.0,2021-06-16,west
988,2260.0,2021-06-17,north
989,2460.0,2021-06-17,south
990,2060.0,2021-06-17,east
991,2120.0,2021-06-17,west
992,2325.0,2021-06-18,north
993,2275.0,2021-06-18,south
994,2285.0,2021-06-18,east
995,2150.0,2021-06-18,west
996,2160.0,2021-06-19,north
997,2020.0,2021-06-19,south
998,2430.0,2021-06-19,east
999,2025.0,2021-06-19,west
1000,2280.0,2021-06-20,north
1001,2425.0,2021-06-20,south
1002,2230.0,2021-06-20,east
1003,2160.0,2021-06-20,west
1004,2360.0,2021-06-21,north
1005,2305.0,2021-06-21,south
1006,2105.0,2021-06-21,east
1007,2290.0,2021-06-21,west
1008,2280.0,2021-06-22,north
1009,2010.0,2021-06-22,south
1010,2095.0,2021-06-22,east
1011,2270.0,2021-06-22,west
1012,2080.0,2021-06-23,north
1013,2345.0,2021-06-23,south
1014,2240.0,2021-06-23,east
1015,2425.0,2021-06-23,west
1016,2390.0,2021-06-24,north
1017,2155.0,2021-06-24,south
1018,2060.0,2021-06-24,east
1019,2055.0,2021-06-24,west
1020,2140.0,2021-06-25,north
1021,2340.0,2021-06-25,south
1022,2030.0,2021-06-25,east
1023,2310.0,2021-06-25,west
1024,2065.0,2021-06-26,north
1025,2330.0,2021-06-26,south
1026,2145.0,2021-06-26,east
1027,2050.0,2021-06-26,west
1028,2095.0,2021-06-27,north
1029,2460.0,2021-06-27,south
1030,2195.0,2021-06-27,east
1031,2020.0,2021-06-27,west
1032,2185.0,2021-06-28,north
1033,2190.0,2021-06-28,south
1034,2050.0,2021-06-28,east
1035,2045.0,2021-06-28,west
1036,2155.0,2021-06-29,north
1037,2135.0,2021-06-29,south
1038,2280.0,2021-06-29,east
1039,2485.0,2021-06-29,west
1040,2040.0,2021-06-30,north
1041,2130.0,2021-06-30,south
1042,2490.0,2021-06-30,east
1043,2160.0,2021-06-30,west
1044,2065.0,2021-07-01,north
1045,2355.0,2021-07-01,south
1046,2205.0,2021-07-01,east
1047,2265.0,2021-07-01,west
1048,2005.0,2021-07-02,north
1049,2450.0,2021-07-02,south
1050,2500.0,2021-07-02,east
1051,2445.0,2021-07-02,west
1052,2460.0,2021-07-03,north
1053,2060.0,2021-07-03,south
1054,2090.0,2021-07-03,east
1055,2415.0,2021-07-03,west
1056,2395.0,2021-07-04,north
1057,2370.0,2021-07-04,south
1058,2110.0,2021-07-04,east
1059,2395.0,2021-07-04,west
1060,2205.0,2021-07-05,north
1061,2245.0,2021-07-05,south
1062,2330.0,2021-07-05,east
1063,2010.0,2021-07-05,west
1064,2430.0,2021-07-06,north
1065,2125.0,2021-07-06,south
1066,2235.0,2021-07-06,east
1067,2175.0,2021-07-06,west
1068,2460.0,2021-07-07,north
1069,2500.0,2021-07-07,south
1070,2315.0,2021-07-07,east
1071,2120.0,2021-07-07,west
1072,2040.0,2021-07-08,north
1073,2425.0,2021-07-08,south
1074,2375.0,2021-07-08,east
1075,2080.0,2021-07-08,west
1076,2105.0,2021-07-09,north
1077,2240.0,2021-07-09,south
1078,2015.0,2021-07-09,east
1079,2170.0,2021-07-09,west
1080,2195.0,2021-07-10,north
1081,2440.0,2021-07-10,south
1082,2040.0,2021-07-10,east
1083,2260.0,2021-07-10,west
1084,2170.0,2021-07-11,north
1085,2200.0,2021-07-11,south
1086,2260.0,2021-07-11,east
1087,2395.0,2021-07-11,west
1088,2010.0,2021-07-12,north
1089,2005.0,2021-07-12,south
1090,2250.0,2021-07-12,east
1091,2010.0,2021-07-12,west
1092,2145.0,2021-07-13,north
1093,2105.0,2021-07-13,south
1094,2265.0,2021-07-13,east
1095,2020.0,2021-07-13,west
1096,2295.0,2021-07-14,north
1097,2330.0,2021-07-14,south
1098,2280.0,2021-07-14,east
1099,2045.0,2021-07-14,west
1100,2375.0,2021-07-15,north
1101,2370.0,2021-07-15,south
1102,2255.0,2021-07-15,east
1103,2305.0,2021-07-15,west
1104,2440.0,2021-07-16,north
1105,2020.0,2021-07-16,south
1106,2035.0,2021-07-16,east
1107,2155.0,2021-07-16,west
1108,2145.0,2021-07-17,north
1109,2080.0,2021-07-17,south
1110,2345.0,2021-07-17,east
1111,2230.0,2021-07-17,west
1112,2375.0,2021-07-18,north
1113,2165.0,2021-07-18,south
1114,2175.0,2021-07-18,east
1115,2385.0,2021-07-18,west
1116,2295.0,2021-07-19,north
1117,2170.0,2021-07-19,south
1118,2040.0,2021-07-19,east
1119,2205.0,2021-07-19,west
1120,2435.0,2021-07-20,north
1121,2380.0,2021-07-20,south
1122,2445.0,2021-07-20,east
1123,2390.0,2021-07-20,west
1124,2115.0,2021-07-21,north
1125,2275.0,2021-07-21,south
1126,2200.0,2021-07-21,east
1127,2305.0,2021-07-21,west
1128,2280.0,2021-07-22,north
1129,2140.0,2021-07-22,south
1130,2205.0,2021-07-22,east
1131,2450.0,2021-07-22,west
1132,2060.0,2021-07-23,north
1133,2200.0,2021-07-23,south
1134,2390.0,2021-07-23,east
1135,2075.0,2021-07-23,west
1136,2015.0,2021-07-24,north
1137,2235.0,2021-07-24,south
1138,2360.0,2021-07-24,east
1139,2125.0,2021-07-24,west
1140,2235.0,2021-07-25,north
1141,2450.0,2021-07-25,south
1142,2155.0,2021-07-25,east
1143,2280.0,2021-07-25,west
1144,2285.0,2021-07-26,north
1145,2395.0,2021-07-26,south
1146,2360.0,2021-07-26,east
1147,2290.0,2021-07-26,west
1148,2440.0,2021-07-27,north
1149,2315.0,2021-07-27,south
1150,2080.0,2021-07-27,east
1151,2450.0,2021-07-27,west
1152,2165.0,2021-07-28,north
1153,2385.0,2021-07-28,south
1154,2010.0,2021-07-28,east
1155,2425.0,2021-07-28,west
1156,2125.0,2021-07-29,north
1157,2125.0,2021-07-29,south
1158,2235.0,2021-07-29,east
1159,2360.0,2021-07-29,west
1160,2005.0,2021-07-30,north
1161,2200.0,2021-07-30,south
1162,2155.0,2021-07-30,east
1163,2245.0,2021-07-30,west
1164,2220.0,2021-07-31,north
1165,2225.0,2021-07-31,south
1166,2150.0,2021-07-31,east
1167,2145.0,2021-07-31,west
1168,2070.0,2021-08-01,north
1169,2265.0,2021-08-01,south
1170,2055.0,2021-08-01,east
1171,2165.0,2021-08-01,west
1172,2280.0,2021-08-02,north
1173,2275.0,2021-08-02,south
1174,2200.0,2021-08-02,east
1175,2490.0,2021-08-02,west
1176,2350.0,2021-08-03,north
1177,2075.0,2021-08-03,south
1178,2250.0,2021-08-03,east
1179,2315.0,2021-08-03,west
1180,2480.0,2021-08-04,north
1181,2070.0,2021-08-04,south
1182,2450.0,2021-08-04,east
1183,2010.0,2021-08-04,west
1184,2420.0,2021-08-05,north
1185,2215.0,2021-08-05,south
1186,2130.0,2021-08-05,east
1187,2065.0,2021-08-05,west
1188,2060.0,2021-08-06,north
1189,2050.0,2021-08-06,south
1190,2470.0,2021-08-06,east
1191,2295.0,2021-08-06,west
1192,2230.0,2021-08-07,north
1193,2030.0,2021-08-07,south
1194,2310.0,2021-08-07,east
1195,2415.0,2021-08-07,west
1196,2480.0,2021-08-08,north
1197,2230.0,2021-08-08,south
1198,2360.0,2021-08-08,east
1199,2400.0,2021-08-08,west
1200,2165.0,2021-08-09,north
1201,2385.0,2021-08-09,south
1202,2240.0,2021-08-09,east
1203,2060.0,2021-08-09,west
1204,2295.0,2021-08-10,north
1205,2180.0,2021-08-10,south
1206,2075.0,2021-08-10,east
1207,2375.0,2021-08-10,west
1208,2250.0,2021-08-11,north
1209,2250.0,2021-08-11,south
1210,2345.0,2021-08-11,east
1211,2080.0,2021-08-11,west
1212,2495.0,2021-08-12,north
1213,2100.0,2021-08-12,south
1214,2430.0,2021-08-12,east
1215,2070.0,2021-08-12,west
1216,2285.0,2021-08-13,north
1217,2235.0,2021-08-13,south
1218,2480.0,2021-08-13,east
1219,2425.0,2021-08-13,west
1220,2095.0,2021-08-14,north
1221,2135.0,2021-08-14,south
1222,2330.0,2021-08-14,east
1223,2020.0,2021-08-14,west
1224,2060.0,2021-08-15,north
1225,2140.0,2021-08-15,south
1226,2470.0,2021-08-15,east
1227,2485.0,2021-08-15,west
1228,2040.0,2021-08-16,north
1229,2155.0,2021-08-16,south
1230,2120.0,2021-08-16,east
1231,2135.0,2021-08-16,west
1232,2395.0,2021-08-17,north
1233,2475.0,2021-08-17,south
1234,2360.0,2021-08-17,east
1235,2175.0,2021-08-17,west
1236,2490.0,2021-08-18,north
1237,2075.0,2021-08-18,south
1238,2325.0,2021-08-18,east
1239,2445.0,2021-08-18,west
1240,2080.0,2021-08-19,north
1241,2370.0,2021-08-19,south
1242,2225.0,2021-08-19,east
1243,2495.0,2021-08-19,west
1244,2160.0,2021-08-20,north
1245,2195.0,2021-08-20,south
1246,2315.0,2021-08-20,east
1247,2170.0,2021-08-20,west
1248,2230.0,2021-08-21,north
1249,2095.0,2021-08-21,south
1250,2050.0,2021-08-21,east
1251,2490.0,2021-08-21,west
1252,2095.0,2021-08-22,north
1253,2180.0,2021-08-22,south
1254,2075.0,2021-08-22,east
1255,2475.0,2021-08-22,west
1256,2020.0,2021-08-23,north
1257,2000.0,2021-08-23,south
1258,2210.0,2021-08-23,east
1259,2155.0,2021-08-23,west
1260,2215.0,2021-08-24,north
1261,2475.0,2021-08-24,south
1262,2265.0,2021-08-24,east
1263,2030.0,2021-08-24,west
1264,2020.0,2021-08-25,north
1265,2240.0,2021-08-25,south
1266,2000.0,2021-08-25,east
1267,2150.0,2021-08-25,west
1268,2370.0,2021-08-26,north
1269,2180.0,2021-08-26,south
1270,2470.0,2021-08-26,east
1271,2150.0,2021-08-26,west
1272,2170.0,2021-08-27,north
1273,2260.0,2021-08-27,south
1274,2140.0,2021-08-27,east
1275,2045.0,2021-08-27,west
1276,2490.0,2021-08-28,north
1277,2320.0,2021-08-28,south
1278,2230.0,2021-08-28,east
1279,2440.0,2021-08-28,west
1280,2185.0,2021-08-29,north
1281,2350.0,2021-08-29,south
1282,2445.0,2021-08-29,east
1283,2365.0,2021-08-29,west
1284,2065.0,2021-08-30,north
1285,2015.0,2021-08-30,south
1286,2160.0,2021-08-30,east
1287,2300.0,2021-08-30,west
1288,2045.0,2021-08-31,north
1289,2440.0,2021-08-31,south
1290,2165.0,2021-08-31,east
1291,2180.0,2021-08-31,west
1292,2330.0,2021-09-01,north
1293,2240.0,2021-09-01,south
1294,2120.0,2021-09-01,east
1295,2495.0,2021-09-01,west
1296,2080.0,2021-09-02,north
1297,2415.0,2021-09-02,south
1298,2085.0,2021-09-02,east
1299,2400.0,2021-09-02,west
1300,2255.0,2021-09-03,north
1301,2245.0,2021-09-03,south
1302,2020.0,2021-09-03,east
1303,2270.0,2021-09-03,west
1304,2395.0,2021-09-04,north
1305,2165.0,2021-09-04,south
1306,2020.0,2021-09-04,east
1307,2135.0,2021-09-04,west
1308,2330.0,2021-09-05,north
1309,2290.0,2021-09-05,south
1310,2045.0,2021-09-05,east
1311,2255.0,2021-09-05,west
1312,2345.0,2021-09-06,north
1313,2185.0,2021-09-06,south
1314,2335.0,2021-09-06,east
1315,2300.0,2021-09-06,west
1316,2040.0,2021-09-07,north
1317,2055.0,2021-09-07,south
1318,2270.0,2021-09-07,east
1319,2335.0,2021-09-07,west
1320,2425.0,2021-09-08,north
1321,2445.0,2021-09-08,south
1322,2480.0,2021-09-08,east
1323,2480.0,2021-09-08,west
1324,2000.0,2021-09-09,north
1325,2075.0,2021-09-09,south
1326,2345.0,2021-09-09,east
1327,2245.0,2021-09-09,west
1328,2070.0,2021-09-10,north
1329,2365.0,2021-09-10,south
1330,2015.0,2021-09-10,east
1331,2375.0,2021-09-10,west
1332,2270.0,2021-09-11,north
1333,2015.0,2021-09-11,south
1334,2000.0,2021-09-11,east
1335,2295.0,2021-09-11,west
1336,2435.0,2021-09-12,north
1337,2485.0,2021-09-12,south
1338,2450.0,2021-09-12,east
1339,2205.0,2021-09-12,west
1340,2415.0,2021-09-13,north
1341,2440.0,2021-09-13,south
1342,2490.0,2021-09-13,east
1343,2415.0,2021-09-13,west
1344,2260.0,2021-09-14,north
1345,2385.0,2021-09-14,south
1346,2280.0,2021-09-14,east
1347,2210.0,2021-09-14,west
1348,2070.0,2021-09-15,north
1349,2105.0,2021-09-15,south
1350,2425.0,2021-09-15,east
1351,2265.0,2021-09-15,west
1352,2190.0,2021-09-16,north
1353,2110.0,2021-09-16,south
1354,2115.0,2021-09-16,east
1355,2455.0,2021-09-16,west
1356,2270.0,2021-09-17,north
1357,2350.0,2021-09-17,south
1358,2365.0,2021-09-17,east
1359,2270.0,2021-09-17,west
1360,2200.0,2021-09-18,north
1361,2500.0,2021-09-18,south
1362,2425.0,2021-09-18,east
1363,2290.0,2021-09-18,west
1364,2460.0,2021-09-19,north
1365,2185.0,2021-09-19,south
1366,2390.0,2021-09-19,east
1367,2175.0,2021-09-19,west
1368,2480.0,2021-09-20,north
1369,2385.0,2021-09-20,south
1370,2150.0,2021-09-20,east
1371,2225.0,2021-09-20,west
1372,2395.0,2021-09-21,north
1373,2395.0,2021-09-21,south
1374,2445.0,2021-09-21,east
1375,2295.0,2021-09-21,west
1376,2285.0,2021-09-22,north
1377,2095.0,2021-09-22,south
1378,2310.0,2021-09-22,east
1379,2120.0,2021-09-22,west
1380,2075.0,2021-09-23,north
1381,2390.0,2021-09-23,south
1382,2485.0,2021-09-23,east
1383,2475.0,2021-09-23,west
1384,2225.0,2021-09-24,north
1385,2325.0,2021-09-24,south
1386,2195.0,2021-09-24,east
1387,2410.0,2021-09-24,west
1388,2285.0,2021-09-25,north
1389,2000.0,2021-09-25,south
1390,2345.0,2021-09-25,east
1391,2400.0,2021-09-25,west
1392,2260.0,2021-09-26,north
1393,2300.0,2021-09-26,south
1394,2150.0,2021-09-26,east
1395,2200.0,2021-09-26,west
1396,2140.0,2021-09-27,north
1397,2365.0,2021-09-27,south
1398,2090.0,2021-09-27,east
1399,2115.0,2021-09-27,west
1400,2070.0,2021-09-28,north
1401,2085.0,2021-09-28,south
1402,2435.0,2021-09-28,east
1403,2115.0,2021-09-28,west
1404,2340.0,2021-09-29,north
1405,2225.0,2021-09-29,south
1406,2140.0,2021-09-29,east
1407,2240.0,2021-09-29,west
1408,2000.0,2021-09-30,north
1409,2175.0,2021-09-30,south
1410,2020.0,2021-09-30,east
1411,2425.0,2021-09-30,west
1412,2350.0,2021-10-01,north
1413,2215.0,2021-10-01,south
1414,2345.0,2021-10-01,east
1415,2360.0,2021-10-01,west
1416,2370.0,2021-10-02,north
1417,2180.0,2021-10-02,south
1418,2000.0,2021-10-02,east
1419,2235.0,2021-10-02,west
1420,2055.0,2021-10-03,north
1421,2265.0,2021-10-03,south
1422,2165.0,2021-10-03,east
1423,2165.0,2021-10-03,west
1424,2135.0,2021-10-04,north
1425,2395.0,2021-10-04,south
1426,2240.0,2021-10-04,east
1427,2295.0,2021-10-04,west
1428,2425.0,2021-10-05,north
1429,2255.0,2021-10-05,south
1430,2145.0,2021-10-05,east
1431,2000.0,2021-10-05,west
1432,2090.0,2021-10-06,north
1433,2390.0,2021-10-06,south
1434,2120.0,2021-10-06,east
1435,2405.0,2021-10-06,west
1436,2370.0,2021-10-07,north
1437,2080.0,2021-10-07,south
1438,2160.0,2021-10-07,east
1439,2270.0,2021-10-07,west
1440,2455.0,2021-10-08,north
1441,2360.0,2021-10-08,south
1442,2085.0,2021-10-08,east
1443,2045.0,2021-10-08,west
1444,2260.0,2021-10-09,north
1445,2300.0,2021-10-09,south
1446,2065.0,2021-10-09,east
1447,2025.0,2021-10-09,west
1448,2400.0,2021-10-10,north
1449,2255.0,2021-10-10,south
1450,2335.0,2021-10-10,east
1451,2460.0,2021-10-10,west
1452,2120.0,2021-10-11,north
1453,2230.0,2021-10-11,south
1454,2195.0,2021-10-11,east
1455,2205.0,2021-10-11,west
1456,2105.0,2021-10-12,north
1457,2105.0,2021-10-12,south
1458,2065.0,2021-10-12,east
1459,2005.0,2021-10-12,west
1460,2205.0,2021-10-13,north
1461,2495.0,2021-10-13,south
1462,2125.0,2021-10-13,east
1463,2410.0,2021-10-13,west
1464,2320.0,2021-10-14,north
1465,2010.0,2021-10-14,south
1466,2330.0,2021-10-14,east
1467,2275.0,2021-10-14,west
1468,2305.0,2021-10-15,north
1469,2425.0,2021-10-15,south
1470,2310.0,2021-10-15,east
1471,2090.0,2021-10-15,west
1472,2485.0,2021-10-16,north
1473,2415.0,2021-10-16,south
1474,2395.0,2021-10-16,east
1475,2090.0,2021-10-16,west
1476,2010.0,2021-10-17,north
1477,2085.0,2021-10-17,south
1478,2250.0,2021-10-17,east
1479,2450.0,2021-10-17,west
1480,2230.0,2021-10-18,north
1481,2310.0,2021-10-18,south
1482,2005.0,2021-10-18,east
1483,2025.0,2021-10-18,west
1484,2085.0,2021-10-19,north
1485,2275.0,2021-10-19,south
1486,2220.0,2021-10-19,east
1487,2395.0,2021-10-19,west
1488,2070.0,2021-10-20,north
1489,2210.0,2021-10-20,south
1490,2290.0,2021-10-20,east
1491,2380.0,2021-10-20,west
1492,2475.0,2021-10-21,north
1493,2175.0,2021-10-21,south
1494,2015.0,2021-10-21,east
1495,2115.0,2021-10-21,west
1496,2030.0,2021-10-22,north
1497,2400.0,2021-10-22,south
1498,2180.0,2021-10-22,east
1499,2345.0,2021-10-22,west
1500,2485.0,2021-10-23,north
1501,2225.0,2021-10-23,south
1502,2095.0,2021-10-23,east
1503,2350.0,2021-10-23,west
1504,2315.0,2021-10-24,north
1505,2155.0,2021-10-24,south
1506,2305.0,2021-10-24,east
1507,2250.0,2021-10-24,west
1508,2470.0,2021-10-25,north
1509,2135.0,2021-10-25,south
1510,2255.0,2021-10-25,east
1511,2270.0,2021-10-25,west
1512,2410.0,2021-10-26,north
1513,2490.0,2021-10-26,south
1514,2250.0,2021-10-26,east
1515,2220.0,2021-10-26,west
1516,2145.0,2021-10-27,north
1517,2145.0,2021-10-27,south
1518,2450.0,2021-10-27,east
1519,2090.0,2021-10-27,west
1520,2165.0,2021-10-28,north
1521,2355.0,2021-10-28,south
1522,2315.0,2021-10-28,east
1523,2300.0,2021-10-28,west
1524,2225.0,2021-10-29,north
1525,2175.0,2021-10-29,south
1526,2435.0,2021-10-29,east
1527,2035.0,2021-10-29,west
1528,2430.0,2021-10-30,north
1529,2180.0,2021-10-30,south
1530,2060.0,2021-10-30,east
1531,2470.0,2021-10-30,west
1532,2400.0,2021-10-31,north
1533,2220.0,2021-10-31,south
1534,2395.0,2021-10-31,east
1535,2120.0,2021-10-31,west
1536,2080.0,2021-11-01,north
1537,2445.0,2021-11-01,south
1538,2415.0,2021-11-01,east
1539,2355.0,2021-11-01,west
1540,2405.0,2021-11-02,north
1541,2120.0,2021-11-02,south
1542,2195.0,2021-11-02,east
1543,2025.0,2021-11-02,west
1544,2305.0,2021-11-03,north
1545,2035.0,2021-11-03,south
1546,2085.0,2021-11-03,east
1547,2285.0,2021-11-03,west
1548,2205.0,2021-11-04,north
1549,2155.0,2021-11-04,south
1550,2105.0,2021-11-04,east
1551,2085.0,2021-11-04,west
1552,2475.0,2021-11-05,north
1553,2425.0,2021-11-05,south
1554,2330.0,2021-11-05,east
1555,2205.0,2021-11-05,west
1556,2235.0,2021-11-06,north
1557,2050.0,2021-11-06,south
1558,2455.0,2021-11-06,east
1559,2065.0,2021-11-06,west
1560,2210.0,2021-11-07,north
1561,2065.0,2021-11-07,south
1562,2215.0,2021-11-07,east
1563,2275.0,2021-11-07,west
1564,2005.0,2021-11-08,north
1565,2120.0,2021-11-08,south
1566,2140.0,2021-11-08,east
1567,2260.0,2021-11-08,west
1568,2165.0,2021-11-09,north
1569,2000.0,2021-11-09,south
1570,2435.0,2021-11-09,east
1571,2250.0,2021-11-09,west
1572,2485.0,2021-11-10,north
1573,2090.0,2021-11-10,south
1574,2025.0,2021-11-10,east
1575,2365.0,2021-11-10,west
1576,2150.0,2021-11-11,north
1577,2160.0,2021-11-11,south
1578,2035.0,2021-11-11,east
1579,2445.0,2021-11-11,west
1580,2350.0,2021-11-12,north
1581,2130.0,2021-11-12,south
1582,2045.0,2021-11-12,east
1583,2490.0,2021-11-12,west
1584,2315.0,2021-11-13,north
1585,2210.0,2021-11-13,south
1586,2345.0,2021-11-13,east
1587,2285.0,2021-11-13,west
1588,2225.0,2021-11-14,north
1589,2190.0,2021-11-14,south
1590,2495.0,2021-11-14,east
1591,2485.0,2021-11-14,west
1592,2105.0,2021-11-15,north
1593,2425.0,2021-11-15,south
1594,2155.0,2021-11-15,east
1595,2495.0,2021-11-15,west
1596,2485.0,2021-11-16,north
1597,2225.0,2021-11-16,south
1598,2315.0,2021-11-16,east
1599,2300.0,2021-11-16,west
1600,2165.0,2021-11-17,north
1601,2240.0,2021-11-17,south
1602,2290.0,2021-11-17,east
1603,2025.0,2021-11-17,west
1604,2080.0,2021-11-18,north
1605,2325.0,2021-11-18,south
1606,2105.0,2021-11-18,east
1607,2245.0,2021-11-18,west
1608,2180.0,2021-11-19,north
1609,2180.0,2021-11-19,south
1610,2345.0,2021-11-19,east
1611,2435.0,2021-11-19,west
1612,2490.0,2021-11-20,north
1613,2160.0,2021-11-20,south
1614,2460.0,2021-11-20,east
1615,2040.0,2021-11-20,west
1616,2010.0,2021-11-21,north
1617,2440.0,2021-11-21,south
1618,2190.0,2021-11-21,east
1619,2365.0,2021-11-21,west
1620,2145.0,2021-11-22,north
1621,2420.0,2021-11-22,south
1622,2200.0,2021-11-22,east
1623,2075.0,2021-11-22,west
1624,2075.0,2021-11-23,north
1625,2450.0,2021-11-23,south
1626,2280.0,2021-11-23,east
1627,2220.0,2021-11-23,west
1628,2410.0,2021-11-24,north
1629,2015.0,2021-11-24,south
1630,2020.0,2021-11-24,east
1631,2060.0,2021-11-24,west
1632,2410.0,2021-11-25,north
1633,2485.0,2021-11-25,south
1634,2445.0,2021-11-25,east
1635,2285.0,2021-11-25,west
1636,2490.0,2021-11-26,north
1637,2215.0,2021-11-26,south
1638,2015.0,2021-11-26,east
1639,2070.0,2021-11-26,west
1640,2170.0,2021-11-27,north
1641,2235.0,2021-11-27,south
1642,2145.0,2021-11-27,east
1643,2370.0,2021-11-27,west
1644,2035.0,2021-11-28,north
1645,2335.0,2021-11-28,south
1646,2390.0,2021-11-28,east
1647,2500.0,2021-11-28,west
1648,2180.0,2021-11-29,north
1649,2495.0,2021-11-29,south
1650,2170.0,2021-11-29,east
1651,2275.0,2021-11-29,west
1652,2265.0,2021-11-30,north
1653,2035.0,2021-11-30,south
1654,2480.0,2021-11-30,east
1655,2390.0,2021-11-30,west
1656,2415.0,2021-12-01,north
1657,2275.0,2021-12-01,south
1658,2100.0,2021-12-01,east
1659,2105.0,2021-12-01,west
1660,2330.0,2021-12-02,north
1661,2170.0,2021-12-02,south
1662,2460.0,2021-12-02,east
1663,2200.0,2021-12-02,west
1664,2225.0,2021-12-03,north
1665,2350.0,2021-12-03,south
1666,2125.0,2021-12-03,east
1667,2245.0,2021-12-03,west
1668,2025.0,2021-12-04,north
1669,2010.0,2021-12-04,south
1670,2005.0,2021-12-04,east
1671,2455.0,2021-12-04,west
1672,2130.0,2021-12-05,north
1673,2445.0,2021-12-05,south
1674,2190.0,2021-12-05,east
1675,2265.0,2021-12-05,west
1676,2380.0,2021-12-06,north
1677,2235.0,2021-12-06,south
1678,2200.0,2021-12-06,east
1679,2200.0,2021-12-06,west
1680,2090.0,2021-12-07,north
1681,2165.0,2021-12-07,south
1682,2300.0,2021-12-07,east
1683,2400.0,2021-12-07,west
1684,2135.0,2021-12-08,north
1685,2315.0,2021-12-08,south
1686,2375.0,2021-12-08,east
1687,2080.0,2021-12-08,west
1688,2270.0,2021-12-09,north
1689,2430.0,2021-12-09,south
1690,2335.0,2021-12-09,east
1691,2065.0,2021-12-09,west
1692,2235.0,2021-12-10,north
1693,2375.0,2021-12-10,south
1694,2400.0,2021-12-10,east
1695,2305.0,2021-12-10,west
1696,2310.0,2021-12-11,north
1697,2155.0,2021-12-11,south
1698,2435.0,2021-12-11,east
1699,2165.0,2021-12-11,west
1700,2225.0,2021-12-12,north
1701,2055.0,2021-12-12,south
1702,2235.0,2021-12-12,east
1703,2295.0,2021-12-12,west
1704,2040.0,2021-12-13,north
1705,2320.0,2021-12-13,south
1706,2110.0,2021-12-13,east
1707,2180.0,2021-12-13,west
1708,2360.0,2021-12-14,north
1709,2420.0,2021-12-14,south
1710,2370.0,2021-12-14,east
1711,2335.0,2021-12-14,west
1712,2485.0,2021-12-15,north
1713,2495.0,2021-12-15,south
1714,2365.0,2021-12-15,east
1715,2155.0,2021-12-15,west
1716,2385.0,2021-12-16,north
1717,2385.0,2021-12-16,south
1718,2435.0,2021-12-16,east
1719,2290.0,2021-12-16,west
1720,2210.0,2021-12-17,north
1721,2085.0,2021-12-17,south
1722,2090.0,2021-12-17,east
1723,2370.0,2021-12-17,west
1724,2145.0,2021-12-18,north
1725,2210.0,2021-12-18,south
1726,2380.0,2021-12-18,east
1727,2455.0,2021-12-18,west
1728,2270.0,2021-12-19,north
1729,2040.0,2021-12-19,south
1730,2180.0,2021-12-19,east
1731,2500.0,2021-12-19,west
1732,2115.0,2021-12-20,north
1733,2325.0,2021-12-20,south
1734,2250.0,2021-12-20,east
1735,2180.0,2021-12-20,west
1736,2330.0,2021-12-21,north
1737,2075.0,2021-12-21,south
1738,2355.0,2021-12-21,east
1739,2355.0,2021-12-21,west
1740,2205.0,2021-12-22,north
1741,2155.0,2021-12-22,south
1742,2010.0,2021-12-22,east
1743,2005.0,2021-12-22,west
1744,2410.0,2021-12-23,north
1745,2265.0,2021-12-23,south
1746,2205.0,2021-12-23,east
1747,2115.0,2021-12-23,west
1748,2050.0,2021-12-24,north
1749,2135.0,2021-12-24,south
1750,2440.0,2021-12-24,east
1751,2360.0,2021-12-24,west
1752,2405.0,2021-12-25,north
1753,2115.0,2021-12-25,south
1754,2085.0,2021-12-25,east
1755,2290.0,2021-12-25,west
1756,2245.0,2021-12-26,north
1757,2460.0,2021-12-26,south
1758,2450.0,2021-12-26,east
1759,2310.0,2021-12-26,west
1760,2370.0,2021-12-27,north
1761,2040.0,2021-12-27,south
1762,2415.0,2021-12-27,east
1763,2015.0,2021-12-27,west
1764,2245.0,2021-12-28,north
1765,2120.0,2021-12-28,south
1766,2415.0,2021-12-28,east
1767,2295.0,2021-12-28,west
1768,2445.0,2021-12-29,north
1769,2215.0,2021-12-29,south
1770,2285.0,2021-12-29,east
1771,2395.0,2021-12-29,west
1772,2435.0,2021-12-30,north
1773,2400.0,2021-12-30,south
1774,2260.0,2021-12-30,east
1775,2315.0,2021-12-30,west
1776,2315.0,2021-12-31,north
1777,2175.0,2021-12-31,south
1778,2295.0,2021-12-31,east
1779,2055.0,2021-12-31,west
1780,2130.0,2022-01-01,north
1781,2480.0,2022-01-01,south
1782,2190.0,2022-01-01,east
1783,2170.0,2022-01-01,west
1784,2160.0,2022-01-02,north
1785,2120.0,2022-01-02,south
1786,2110.0,2022-01-02,east
1787,2080.0,2022-01-02,west
1788,2050.0,2022-01-03,north
1789,2150.0,2022-01-03,south
1790,2440.0,2022-01-03,east
1791,2055.0,2022-01-03,west
1792,2405.0,2022-01-04,north
1793,2020.0,2022-01-04,south
1794,2010.0,2022-01-04,east
1795,2005.0,2022-01-04,west
1796,2480.0,2022-01-05,north
1797,2360.0,2022-01-05,south
1798,2025.0,2022-01-05,east
1799,2275.0,2022-01-05,west
1800,2245.0,2022-01-06,north
1801,2060.0,2022-01-06,south
1802,2290.0,2022-01-06,east
1803,2205.0,2022-01-06,west
1804,2065.0,2022-01-07,north
1805,2050.0,2022-01-07,south
1806,2180.0,2022-01-07,east
1807,2135.0,2022-01-07,west
1808,2370.0,2022-01-08,north
1809,2245.0,2022-01-08,south
1810,2070.0,2022-01-08,east
1811,2395.0,2022-01-08,west
1812,2490.0,2022-01-09,north
1813,2105.0,2022-01-09,south
1814,2335.0,2022-01-09,east
1815,2250.0,2022-01-09,west
1816,2240.0,2022-01-10,north
1817,2090.0,2022-01-10,south
1818,2370.0,2022-01-10,east
1819,2315.0,2022-01-10,west
1820,2000.0,2022-01-11,north
1821,2075.0,2022-01-11,south
1822,2305.0,2022-01-11,east
1823,2145.0,2022-01-11,west
1824,2050.0,2022-01-12,north
1825,2260.0,2022-01-12,south
1826,2095.0,2022-01-12,east
1827,2500.0,2022-01-12,west
1828,2260.0,2022-01-13,north
1829,2365.0,2022-01-13,south
1830,2485.0,2022-01-13,east
1831,2180.0,2022-01-13,west
1832,2245.0,2022-01-14,north
1833,2225.0,2022-01-14,south
1834,2080.0,2022-01-14,east
1835,2250.0,2022-01-14,west
1836,2115.0,2022-01-15,north
1837,2145.0,2022-01-15,south
1838,2130.0,2022-01-15,east
1839,2120.0,2022-01-15,west
1840,2315.0,2022-01-16,north
1841,2410.0,2022-01-16,south
1842,2290.0,2022-01-16,east
1843,2150.0,2022-01-16,west
1844,2295.0,2022-01-17,north
1845,2015.0,2022-01-17,south
1846,2070.0,2022-01-17,east
1847,2095.0,2022-01-17,west
1848,2045.0,2022-01-18,north
1849,2125.0,2022-01-18,south
1850,2085.0,2022-01-18,east
1851,2095.0,2022-01-18,west
1852,2295.0,2022-01-19,north
1853,2265.0,2022-01-19,south
1854,2040.0,2022-01-19,east
1855,2200.0,2022-01-19,west
1856,2415.0,2022-01-20,north
1857,2435.0,2022-01-20,south
1858,2160.0,2022-01-20,east
1859,2210.0,2022-01-20,west
1860,2295.0,2022-01-21,north
1861,2405.0,2022-01-21,south
1862,2380.0,2022-01-21,east
1863,2360.0,2022-01-21,west
1864,2080.0,2022-01-22,north
1865,2220.0,2022-01-22,south
1866,2495.0,2022-01-22,east
1867,2500.0,2022-01-22,west
1868,2170.0,2022-01-23,north
1869,2135.0,2022-01-23,south
1870,2205.0,2022-01-23,east
1871,2445.0,2022-01-23,west
1872,2195.0,2022-01-24,north
1873,2375.0,2022-01-24,south
1874,2370.0,2022-01-24,east
1875,2410.0,2022-01-24,west
1876,2470.0,2022-01-25,north
1877,2370.0,2022-01-25,south
1878,2110.0,2022-01-25,east
1879,2480.0,2022-01-25,west
1880,2085.0,2022-01-26,north
1881,2320.0,2022-01-26,south
1882,2075.0,2022-01-26,east
1883,2485.0,2022-01-26,west
1884,2165.0,2022-01-27,north
1885,2400.0,2022-01-27,south
1886,2055.0,2022-01-27,east
1887,2435.0,2022-01-27,west
1888,2380.0,2022-01-28,north
1889,2410.0,2022-01-28,south
1890,2240.0,2022-01-28,east
1891,2450.0,2022-01-28,west
1892,2190.0,2022-01-29,north
1893,2345.0,2022-01-29,south
1894,2290.0,2022-01-29,east
1895,2380.0,2022-01-29,west
1896,2145.0,2022-01-30,north
1897,2150.0,2022-01-30,south
1898,2500.0,2022-01-30,east
1899,2305.0,2022-01-30,west
1900,2045.0,2022-01-31,north
1901,2375.0,2022-01-31,south
1902,2040.0,2022-01-31,east
1903,2055.0,2022-01-31,west
1904,2405.0,2022-02-01,north
1905,2310.0,2022-02-01,south
1906,2405.0,2022-02-01,east
1907,2420.0,2022-02-01,west
1908,2160.0,2022-02-02,north
1909,2485.0,2022-02-02,south
1910,2375.0,2022-02-02,east
1911,2435.0,2022-02-02,west
1912,2125.0,2022-02-03,north
1913,2185.0,2022-02-03,south
1914,2090.0,2022-02-03,east
1915,2115.0,2022-02-03,west
1916,2035.0,2022-02-04,north
1917,2215.0,2022-02-04,south
1918,2010.0,2022-02-04,east
1919,2190.0,2022-02-04,west
1920,2070.0,2022-02-05,north
1921,2000.0,2022-02-05,south
1922,2130.0,2022-02-05,east
1923,2235.0,2022-02-05,west
1924,2250.0,2022-02-06,north
1925,2365.0,2022-02-06,south
1926,2020.0,2022-02-06,east
1927,2215.0,2022-02-06,west
1928,2290.0,2022-02-07,north
1929,2145.0,2022-02-07,south
1930,2255.0,2022-02-07,east
1931,2265.0,2022-02-07,west
1932,2375.0,2022-02-08,north
1933,2360.0,2022-02-08,south
1934,2430.0,2022-02-08,east
1935,2330.0,2022-02-08,west
1936,2290.0,2022-02-09,north
1937,2435.0,2022-02-09,south
1938,2225.0,2022-02-09,east
1939,2255.0,2022-02-09,west
1940,2275.0,2022-02-10,north
1941,2310.0,2022-02-10,south
1942,2070.0,2022-02-10,east
1943,2445.0,2022-02-10,west
1944,2405.0,2022-02-11,north
1945,2030.0,2022-02-11,south
1946,2470.0,2022-02-11,east
1947,2265.0,2022-02-11,west
1948,2245.0,2022-02-12,north
1949,2490.0,2022-02-12,south
1950,2110.0,2022-02-12,east
1951,2085.0,2022-02-12,west
1952,2425.0,2022-02-13,north
1953,2245.0,2022-02-13,south
1954,2500.0,2022-02-13,east
1955,2390.0,2022-02-13,west
1956,2035.0,2022-02-14,north
1957,2465.0,2022-02-14,south
1958,2500.0,2022-02-14,east
1959,2115.0,2022-02-14,west
